{
	"partitions" : [
		{
			"name" : "Top",
			"pins" : [
				{
					"name" : "gpio0GPIO[2]",
					"strict" : false
				},
				{
					"name" : "gpio0GPIO[3]",
					"strict" : false
				},
				{
					"name" : "gpio0GPIO[4]",
					"strict" : false
				},
				{
					"name" : "gpio0GPIO[5]",
					"strict" : false
				},
				{
					"name" : "gpio0GPIO[6]",
					"strict" : false
				},
				{
					"name" : "gpio0GPIO[7]",
					"strict" : false
				},
				{
					"name" : "gpio0GPIO[30]",
					"strict" : false
				},
				{
					"name" : "gpio0GPIO[32]",
					"strict" : false
				},
				{
					"name" : "ADC_CONVST",
					"strict" : false
				},
				{
					"name" : "ADC_SCK",
					"strict" : false
				},
				{
					"name" : "ADC_SDI",
					"strict" : false
				},
				{
					"name" : "LED[0]",
					"strict" : false
				},
				{
					"name" : "gpio0GPIO[31]",
					"strict" : false
				},
				{
					"name" : "gpio0GPIO[33]",
					"strict" : false
				},
				{
					"name" : "gpio0GPIO[0]",
					"strict" : false
				},
				{
					"name" : "gpio0GPIO[1]",
					"strict" : false
				},
				{
					"name" : "gpio0GPIO[34]",
					"strict" : false
				},
				{
					"name" : "gpio0GPIO[35]",
					"strict" : false
				},
				{
					"name" : "gpio0GPIO[8]",
					"strict" : false
				},
				{
					"name" : "gpio0GPIO[9]",
					"strict" : false
				},
				{
					"name" : "FPGA_CLK1_50",
					"strict" : false
				},
				{
					"name" : "SW[0]",
					"strict" : false
				},
				{
					"name" : "SW[1]",
					"strict" : false
				},
				{
					"name" : "SW[2]",
					"strict" : false
				},
				{
					"name" : "SW[3]",
					"strict" : false
				},
				{
					"name" : "gpio1GPIO[2]",
					"strict" : false
				},
				{
					"name" : "gpio1GPIO[3]",
					"strict" : false
				},
				{
					"name" : "gpio1GPIO[0]",
					"strict" : false
				},
				{
					"name" : "gpio1GPIO[1]",
					"strict" : false
				},
				{
					"name" : "gpio1GPIO[4]",
					"strict" : false
				},
				{
					"name" : "gpio1GPIO[5]",
					"strict" : false
				},
				{
					"name" : "KEY[0]",
					"strict" : false
				},
				{
					"name" : "KEY[1]",
					"strict" : false
				},
				{
					"name" : "ADC_SDO",
					"strict" : false
				}
			]
		}
	]
}